{
    "test_read_data": {
      "lengths": [
        1750,
        250,
        500
      ]
    },
    "test_prepare_data": {
      "dev_texts_shape": [
        250,
        50
      ],
      "train_labels_shape": [
        1750,
        58
      ]
    },
    "test_model": {
      "f1": 0.9626754091705332,
      "f1_wo_o": 0.9081347870703439
    }
  }